序号,车型,简介,价格区间,二二年销量
0,宋PLUS,比亚迪/紧凑型suv,15.48-21.88万,410917
1,宏光MINIEV,上汽通用五菱/微型车,3.28-9.99万,398708
2,轩逸,东风日产/紧凑型车,7.48-17.49万,391773
3,朗逸,上汽大众/紧凑型车,7.29-12.69万,327321
4,MODEL Y,特斯拉中国/中型suv,26.19-36.19万,320073
5,卡罗拉,一汽丰田/紧凑型车,8.48-13.98万,249271
6,凯美瑞,广汽丰田/中型车,15.98-24.98万,231844
7,海豚,比亚迪/小型车,11.68-13.68万,225327
8,速腾,一汽-大众/紧凑型车,10.79-15.29万,222262
9,长安CS75 PLUS,长安汽车/紧凑型suv,10.79-14.49万,219490
10,哈弗H6,长城汽车/紧凑型suv,8.39-14.20万,218430
11,雅阁,广汽本田/中型车,15.08-24.28万,211860
12,宝来,一汽-大众/紧凑型车,7.48-13.30万,204258
13,本田CR-V,东风本田/紧凑型suv,15.78-25.18万,204644
14,元PLUS,比亚迪/紧凑型suv,13.98-16.78万,195326
15,雷凌,广汽丰田/紧凑型车,8.98-14.88万,188393
16,秦PLUS,比亚迪/紧凑型车,9.98-16.58万,299260
17,帕萨特,上汽大众/中型车,15.89-22.99万,162736
18,RAV4荣放,一汽丰田/紧凑型suv,15.08-23.58万,159166
19,迈腾,一汽-大众/中型车,16.29-22.99万,150611
20,宝马5系,华晨宝马/中大型车,37.90-56.25万,147101
21,奔驰C级,北京奔驰/中型车,27.65-37.81万,146590
22,思域,东风本田/紧凑型车,11.79-17.59万,144566
23,长安CS55 PLUS,长安汽车/紧凑型suv,8.49-11.59万,143118
24,五菱宏光,上汽通用五菱/微型车,4.60-5.99万,140449
25,奔驰GLC,北京奔驰/中型suv,38.63-45.39万,139633
26,汉,比亚迪/中大型车,20.78-31.18万,274337
27,Model 3,特斯拉中国/中型车,22.99-32.99万,137917
28,逍客,东风日产/紧凑型suv,12.69-16.09万,137402
29,逸动,长安汽车/紧凑型车,5.29-8.39万,135808
31,途观L,上汽大众/中型suv,17.40-25.88万,134842
32,宝马3系,华晨宝马/中型车,28.50-38.20万,132449
33,威兰达,广汽丰田/紧凑型suv,15.08-22.58万,130288
34,帝豪,吉利汽车/紧凑型车,6.39-8.29万,129523
35,奥迪A4L,一汽-大众奥迪/中型车,26.58-39.97万,128991
36,AION Y,广汽埃安新能源/紧凑型suv,11.98-18.48万,128974
37,天籁,东风日产/中型车,15.18-24.18万,128609
38,星越L,吉利汽车/紧凑型suv,12.92-17.72万,129802
39,AION S,广汽埃安新能源/紧凑型车,13.98-18.66万,127821
40,威朗,上汽通用别克/紧凑型车,8.88-11.88万,125727
41,唐DM,比亚迪/中型suv,20.98-33.18万,124976
42,奥迪Q5L,一汽-大众奥迪/中型suv,34.08-41.95万,124498
43,奥迪A6L,一汽-大众奥迪/中大型车,36.28-58.68万,120898
44,奔驰E级,北京奔驰/中大型车,39.01-56.95万,120364
45,红旗HS5,一汽红旗/中型suv,18.38-24.98万,120194
47,长安UNI-V,长安汽车/紧凑型车,9.89-12.99万,120137
48,皓影,广汽本田/紧凑型suv,11.98-24.99万,119639
49,别克GL8,上汽通用别克,22.69-46.79万,113019
50,星瑞,吉利汽车/紧凑型车,10.57-13.77万,111445
51,瑞虎8,奇瑞汽车/中型suv,8.69-16.89万,109823
52,途岳,上汽大众/紧凑型suv,12.86-18.66万,108693
53,锋兰达,广汽丰田/紧凑型suv,11.58-16.98万,108024
54,宝马X3,华晨宝马/中型suv,35.30-48.69万,106513
55,桑塔纳,上汽大众/紧凑型车,5.79-8.28万,105111
56,昂科威,上汽通用别克/中型suv,16.89-26.89万,103320
57,凌渡,上汽大众/紧凑型车,13.59-17.59万,102832
58,亚洲龙,一汽丰田/中型车,17.48-25.48万,102068
59,缤越,吉利汽车/小型suv,6.98-11.48万,102054
60,科鲁泽,上汽通用雪佛兰/紧凑型车,7.49-8.89万,98216
61,捷途X70,奇瑞汽车/中型suv,7.89-16.79万,95124
62,坦克300,长城汽车/紧凑型suv,19.88-30.28万,93755
63,伊兰特,北京现代/紧凑型车,7.68-11.88万,93691
64,哪吒V,合众汽车/小型suv,8.39-10.38万,93474
66,哈弗大狗,长城汽车/紧凑型suv,10.99-15.79万,91685
67,探岳,一汽-大众/中型suv,17.69-23.19万,87195
68,长安欧尚X5,长安汽车/紧凑型suv,6.99-10.79万,96969
69,QQ冰淇淋,奇瑞新能源/微型车,3.99-5.75万,85973
70,T-ROC探歌,一汽-大众/紧凑型suv,12.39-14.29万,84519
71,小蚂蚁,奇瑞新能源/微型车,7.00-10.30万,84351
72,缤智,广汽本田/小型suv,13.29-15.29万,82536
73,奔奔E-Star,长安汽车/微型车,7.89-7.99万,81324
74,本田XR-V,东风本田/小型suv,12.49-14.49万,79226
75,YARiS L 致炫,广汽丰田/小型车,7.58-9.38万,79209
76,宝马X1,华晨宝马/紧凑型suv,20.70-25.70万,79189
77,高尔夫,一汽-大众/紧凑型车,11.98-21.98万,78912
78,赛那SIENNA,广汽丰田,30.98-41.18万,77362
79,型格,广汽本田/紧凑型车,11.79-18.69万,76095
80,汉兰达,广汽丰田/中型suv,26.88-34.88万,75976
81,长安Lumin糯玉米,长安汽车/微型车,4.99-6.99万,73495
82,ZEEKR 001,极氪/中大型车,30.00-40.30万,73450
83,宋PLUS新能源,比亚迪/紧凑型suv,18.68-20.38万,73328
84,驱逐舰05,比亚迪/紧凑型车,12.18-15.78万,71565
85,君威,上汽通用别克/中型车,14.78-20.08万,70349
86,荣威i5,上汽集团/紧凑型车,5.59-9.99万,69847
87,风神E70,东风乘用车/紧凑型车,14.28-15.38万,69591
88,传祺GS4,广汽乘用车/紧凑型suv,8.08-12.18万,69233
89,传祺M8,广汽乘用车,17.98-36.98万,69012
90,长安CS35 PLUS,长安汽车/小型suv,5.49-9.49万,68881
91,名爵5,上汽集团/紧凑型车,6.49-9.69万,68757
92,英朗,上汽通用别克/紧凑型车,7.69-8.29万,68672
93,英仕派,东风本田/中型车,15.49-23.09万,68156
94,宝马X5,华晨宝马/中大型suv,60.50-77.20万,67948
95,哈弗M6,长城汽车/紧凑型suv,6.49-8.59万,67592
96,捷达VS5,一汽-大众捷达/紧凑型suv,8.38-11.28万,67077
97,五菱星辰,上汽通用五菱/紧凑型suv,6.98-10.98万,66290
98,海豹,比亚迪/中型车,21.28-28.98万,65572
99,五菱宏光V,上汽通用五菱/微型车,4.48-5.18万,65535
100,凯迪拉克CT5,上汽通用凯迪拉克/中型车,22.97-36.07万,63280
101,蒙迪欧,长安福特/中型车,15.98-21.88万,62346
102,沃尔沃XC60,沃尔沃亚太/中型suv,29.99-39.69万,62329
103,奥迪A3,一汽-大众奥迪/紧凑型车,20.30-25.12万,62107
104,荣威RX5,上汽集团/紧凑型suv,8.33-13.09万,74501
105,奥迪Q3,一汽-大众奥迪/紧凑型suv,21.48-32.96万,61691
106,缤瑞,吉利汽车/紧凑型车,9.08-10.48万,60402
107,奕炫,东风乘用车/紧凑型车,6.49-9.39万,60321
108,理想ONE,理想汽车/中大型suv,34.98万,60284
109,问界M5,赛力斯汽车/中型suv,25.98-33.18万,60009
110,飞度,广汽本田/小型车,7.28-9.98万,59612
111,长安欧尚Z6,长安汽车/紧凑型suv,9.69-11.99万,58745
112,奔驰GLB,北京奔驰/紧凑型suv,23.09-29.98万,58636
113,北京现代ix35,北京现代/紧凑型suv,10.58-13.18万,57621
114,博越,吉利汽车/紧凑型suv,11.77-16.27万,111354
115,零跑TO3,零跑汽车/微型车,5.99-9.45万,55830
117,理想L9,理想汽车/大型suv,45.98万,54268
118,五菱荣光,上汽通用五菱/微型车,4.09-5.75万,53272
119,领克03,领克/紧凑型车,12.88-25.68万,52544
120,欧拉好猫,长城汽车/小型车,10.78-17.10万,52202
121,小鹏P7,小鹏汽车/中型车,20.99-33.99万,52138
122,艾瑞泽5,奇瑞汽车/紧凑型车,5.59-8.38万,51888
123,长安UNI-T,长安汽车/紧凑型suv,10.59-12.99万,51486
124,传祺GS8,广汽乘用车/中型suv,18.18-26.48万,51480
125,几何A,几何汽车/紧凑型车,12.38-20.78万,51395
126,宋PRO新能源,比亚迪/紧凑型suv,13.40-15.90万,48886
127,马自达3 昂克赛拉,长安马自达/紧凑型车,10.39-15.69万,48715
128,途昂,上汽大众/中大型suv,26.80-37.80万,48419
129,哪吒U,合众汽车/紧凑型suv,12.38-20.68万,47380
130,瑞虎7,奇瑞汽车/紧凑型suv,7.89-14.49万,47344
131,皇冠陆放,一汽丰田/中型suv,27.58-35.28万,47030
132,长安欧尚X7,长安汽车/紧凑型suv,7.89-12.19万,46215
133,奔驰A级,北京奔驰/紧凑型车,14.98-19.98万,48435
134,捷达VA3,一汽-大众捷达/紧凑型车,6.48-9.18万,45610
135,领克06,领克/小型suv,11.06-13.48万,51511
136,影豹,广汽乘用车/紧凑型车,9.03-14.00万,44515
137,冠道,广汽本田/中型suv,20.48-31.28万,44394
138,红旗H5,一汽红旗/中型车,14.58-19.08万,77076
139,佳辰,上汽通用五菱/紧凑型MPV,6.88-9.98万,43223
140,ID.4 CROZZ,一汽-大众/紧凑型suv,16.79-25.39万,43117
141,零跑C11,零跑汽车/中型suv,14.98-23.88万,42919
142,凯迪拉克XT5,上汽通用凯迪拉克/中型suv,27.77-37.77万,42205
143,凡尔赛C5 X,东风雪铁龙/中型车,14.37-18.67万,41426
144,启辰D60EV,东风日产启辰/紧凑型车,12.98-15.30万,46968
145,红旗E-QM5,一汽红旗/中型车,12.28-20.78万,39647
146,北京EU5,北京汽车/紧凑型车,12.99-17.19万,39505
147,威驰,一汽丰田/小型车,6.38-8.48万,38310
148,微蓝6,上汽通用别克/紧凑型车,15.19-17.09万,37979
149,花仙子,江汽集团/微型车,6.69-9.09万,37340
150,蔚来ES6,蔚来/中型suv,38.60-55.40万,37176
151,奥德赛,广汽本田/中型MPV,22.98-43.98万,37153
152,凌放HARRIER,一汽丰田/中型suv,18.68-27.28万,36726
153,科莱威CLEVER,上汽集团/微型车,6.80万,36649
154,秦新能源,比亚迪/紧凑型车,12.99-16.98万,36365
155,途胜,北京现代/紧凑型suv,13.48-19.88万,36207
156,长安深蓝SL03,长安汽车/中型车,14.99-69.99万,35649
157,传祺M6,广汽乘用车/紧凑型MPV,10.68-15.68万,35315
158,小鹏P5,小鹏汽车/紧凑型车,15.69-20.29万,35173
159,艾力绅,东风本田/中型MPV,25.38-30.58万,34659
160,菱智,东风风行/中型MPV,5.79-9.99万,34451
161,哈弗神兽,长城汽车/紧凑型suv,12.10-15.80万,34079
162,冒险家,长安林肯/紧凑型suv,22.08-32.08万,33980
163,大V,东风日产启辰/紧凑型suv,9.18-12.68万,33688
165,几何E,几何汽车/小型suv,7.98-10.08万,32716
166,五菱之光,上汽通用五菱/微型车,3.51-3.66万,32511
167,ID.4 X,上汽大众/紧凑型suv,16.99-26.29万,31748
168,凯迪拉克XT4,上汽通用凯迪拉克/紧凑型suv,20.17-29.47万,31180
169,沃尔沃S90,沃尔沃亚太/中大型车,32.49-42.39万,30824
170,骏行,国金汽车/紧凑型车,15.98万,30500
171,理想L8,理想汽车/中大型suv,33.98-39.98万,29773
172,远景X6,吉利汽车/紧凑型suv,7.29-8.69万,29742
173,迈锐宝XL,上汽通用雪佛兰/中型车,13.29-17.69万,29728
174,一汽-大众CC,一汽-大众/中型车,21.99-26.99万,29524
175,瑞虎5x,奇瑞汽车/小型suv,5.99-9.09万,29156
176,奥迪Q2L,一汽-大众奥迪/小型suv,16.51-19.35万,29117
177,AION V,广汽埃安新能源/紧凑型suv,18.98-26.98万,29046
178,欧蓝德,广汽三菱/紧凑型suv,13.98-22.48万,28851
179,君越,上汽通用别克/中型车,17.07-24.07万,28382
180,宝马iX3,华晨宝马/中型suv,34.20-44.50万,28047
181,帝豪EV,几何汽车/紧凑型车,14.68-16.98万,27016
182,吉利ICON,吉利汽车/小型suv,10.59-12.49万,26891
183,凌宝BOX,吉麦新能源/微型车,4.38-6.88万,26454
184,捷途X90,奇瑞汽车/中型suv,8.09-16.99万,26103
185,豪越,吉利汽车/中型suv,10.36-13.16万,25777
186,捷达VS7,一汽-大众捷达/中型suv,10.19-13.29万,25713
187,唐新能源,比亚迪/中型suv,28.28-34.28万,25307
188,奔驰GLA,北京奔驰/紧凑型suv,22.28-27.98万,25083
189,沃尔沃S60,沃尔沃亚太/中型车,23.99-32.79万,24540
190,ID.6 CROZZ,一汽-大众/中大型suv,21.69-29.49万,34990
191,锐际,长安福特/紧凑型suv,14.98-20.18万,24701
192,POLO,上汽大众/小型车,7.39-10.79万,24356
193,坦克500,长城汽车/中大型suv,33.50-39.50万,24345
194,蔚来ET7,蔚来/中大型车,45.80-53.60万,24216
195,问界M7,赛力斯汽车/中大型suv,28.98-37.98万,24186
196,蔚来ET5,蔚来/中型车,32.80-38.60万,24079
197,艾瑞泽8,奇瑞汽车/紧凑型车,10.39-12.79万,23977
198,本田UR-V,东风本田/中型suv,21.88-30.18万,23932
199,ID.3,上汽大众/紧凑型车,13.99-16.59万,23883
200,奇骏,东风日产/紧凑型suv,15.93-19.28万,31355
201,威飒,广汽丰田/中型suv,19.38-30.38万,23755
202,北京BJ40,北京越野/紧凑型suv,15.48-27.29万,23563
203,骐达,东风日产/紧凑型车,8.39-12.09万,23551
204,宝骏KiWi EV,上汽通用五菱/微型车,7.78-10.28万,23548
205,奔腾B70,一汽奔腾/中型车,10.29-14.19万,23331
206,揽镜,一汽-大众/中大型suv,26.49-37.29万,23329
207,凌派,广汽本田/紧凑型车,8.18-15.68万,23110
208,长安UNI-K,长安汽车/中型suv,14.19-18.49万,37586
209,腾势D9,腾势汽车,33.58-44.58万,23566
210,帝豪L 雷神Hi·P,吉利汽车/紧凑型车,10.98-16.88万,22980
211,领睿,江铃福特/中型suv,13.37-16.23万,22681
212,悦动,北京现代/紧凑型车,7.59-10.69万,22550
213,影酷,广汽乘用车/紧凑型suv,11.18-16.18万,22354
214,亚洲狮,一汽丰田/紧凑型车,11.98-15.78万,22345
215,风行T5 EVO,东风风行/紧凑型suv,10.39-13.69万,26700
216,奔驰E级新能源,北京奔驰/中大型车,52.23万,21738
217,宝马1系,华晨宝马/紧凑型车,15.00-24.99万,21531
218,探险者,长安福特/中大型suv,30.98-37.98万,21483
219,标致408,东风标致/紧凑型车,10.57-15.97万,21429
220,帝豪S,吉利汽车/紧凑型suv,8.09-10.39万,21149
221,探影,一汽-大众/小型suv,9.09-13.59万,21074
222,福瑞迪,起亚/紧凑型车,6.90-9.70万,20520
223,星途凌云,星途/中型suv,12.99-16.49万,20447
224,锐界,长安福特/中型suv,20.98-28.98万,20277
225,红旗H9,一汽红旗/中大型车,30.98-86.00万,20119
226,合创Z03,合创汽车/紧凑型suv,13.48-18.28万,20009
227,枫叶80v,睿蓝汽车/紧凑型MPV,8.98-15.98万,20002
228,奔腾NAT,一汽奔腾/紧凑型MPV,14.68-16.48万,19981
229,皓极,东风乘用车/紧凑型suv,12.69-14.69万,19891
230,艾瑞泽e,奇瑞新能源/紧凑型车,15.24万,19878
231,宝马i3,华晨宝马/中型车,27.70-41.39万,19878
232,风行S50EV,东风风行/紧凑型车,13.19-15.99万,19703
233,传祺GS3,广汽乘用车/小型suv,8.48-11.18万,19614
234,捷途大圣,奇瑞汽车/紧凑型suv,9.99-13.59万,19431
235,昂科旗,上汽通用别克/中大型suv,24.99-30.99万,19368
236,凯迪拉克XT6,上汽通用凯迪拉克/中大型suv,32.27-48.57万,19336
237,逸动EV,长安汽车/紧凑型车,14.99-15.99万,19246
238,探界者,上汽通用雪佛兰/中型suv,12.69-19.69万,19118
239,枫叶60s,睿蓝汽车/紧凑型车,7.98-14.98万,18555
240,丰田C-HR,广汽丰田/小型suv,12.98-19.28万,18847
241,威然,上汽大众,25.48-36.78万,18442
242,炫界,凯翼汽车/紧凑型suv,5.39-12.98万,18285
243,悦虎,大运汽车/小型suv,7.58-8.58万,17771
244,五菱星驰,上汽通用五菱/小型suv,5.68-8.68万,17739
245,智跑,起亚/紧凑型suv,11.98-13.99万,17727
246,奕泽IZOA,一汽丰田/小型suv,13.48-17.48万,17605
247,风神EX1,东风汽车/小型suv,5.57-5.77万,17304
248,威马E.5,威马汽车/中型车,17.51-21.51万,17224
249,宝马X2,华晨宝马/紧凑型suv,20.90-33.29万,16978
250,芒果,雷丁/微型车,4.89-5.59万,16954
251,凌尚,广汽丰田/紧凑型车,11.78-13.68万,16612
252,五菱凯捷,上汽通用五菱/紧凑型MPV,8.58-14.98万,16444
253,奔驰V级,福建奔驰,47.88-64.68万,16353
254,瑞虎3x,奇瑞汽车/小型suv,4.59-6.59万,16195
255,锐程PLUS,长安汽车/紧凑型车,8.99-11.29万,16118
256,蔚来ES7,蔚来/中大型suv,46.80-54.80万,16061
257,福克斯,长安福特/紧凑型车,10.48-13.08万,15961
258,小鹏汽车G3,小鹏汽车/紧凑型suv,14.89-17.69万,15945
259,航海家,长安林肯/中型suv,30.88-45.88万,15755
260,领克01,领克/紧凑型suv,16.09-20.18万,15679
261,欧拉黑猫,长城汽车/微型车,8.48-9.98万,15563
262,悦翔,长安汽车/小型车,4.99-6.49万,15495
263,元Pro,比亚迪/小型suv,9.88-11.88万,15406
264,威霆,福建奔驰,29.38-34.78万,15331
265,SWM斯威G05,SWM斯威汽车/中型suv,8.69-11.69万,14979
266,创维EV6,创维汽车/中型suv,16.28-28.08万,14978
267,哈弗赤兔,长城汽车/紧凑型suv,9.18-13.08万,14951
268,威驰FS,一汽丰田/小型车,7.58-8.28万,14947
269,大通G50,上汽大通/紧凑型MPV,8.28-16.08万,14843
270,轩度,凯翼汽车/紧凑型车,6.78-9.39万,14696
271,福睿斯,长安福特/紧凑型车,7.38-9.98万,14550
273,迈腾GTE插电混动,一汽-大众/中型车,23.79-25.29万,14418
274,宝马5系 插电混动,华晨宝马/中大型车,43.10-46.20万,14334
275,马自达CX-5,长安马自达/紧凑型suv,14.58-20.68万,14322
276,瑞风M3,江汽集团/紧凑型MPV,6.58-9.38万,14224
277,风光580,东风小康/中型suv,7.99-12.99万,14130
278,纳米BOX,东风汽车/小型suv,5.97-7.97万,13894
279,发现运动版,奇瑞捷豹路虎/中型suv,25.80-40.80万,15049
280,沃尔沃XC40,沃尔沃亚太/紧凑型suv,22.50-31.00万,16465
281,锐程CC,长安汽车/紧凑型车,9.29-10.79万,13717
282,揽胜极光,奇瑞捷豹路虎/中型suv,31.50-47.38万,14745
283,思皓曜,江汽集团/紧凑型车,9.88-19.68万,13639
284,比亚迪e2,比亚迪/紧凑型车,9.58-15.08万,13575
285,林肯Z,长安林肯/中型车,23.68-32.58万,13562
286,蔚来EC6,蔚来/中型suv,39.60-55.40万,13495
287,帕萨特新能源,上汽大众/中型车,20.62-21.51万,13336
288,熊猫mini,吉利汽车/微型车,3.99-5.58万,13322
289,荣威i6 MAX新能源,上汽集团/紧凑型车,13.68-18.88万,13306
290,护卫舰 07,比亚迪/中型suv,20.28-28.98万,13277
291,几何C,几何汽车/紧凑型suv,12.68-20.48万,13232
292,探岳X,一汽-大众/中型suv,19.79-26.08万,13204
293,标致4008,东风标致/紧凑型suv,16.07-21.07万,12942
294,领克09,领克/中大型suv,31.99-37.49万,22782
295,哈弗H6新能源,长城汽车/紧凑型suv,14.48-17.37万,12734
297,库斯途,北京现代,16.08-20.98万,12521
298,傲跑,起亚/小型suv,9.10-11.90万,12451
299,LIFE,东风本田/小型车,8.78-10.28万,12441
300,蔚来ES8,蔚来/中大型suv,49.60-65.60万,12338
301,哈弗H9,长城汽车/中大型suv,20.98-27.48万,12304
302,途铠,上汽大众/小型suv,9.19-13.69万,12303
303,睿蓝汽车X3 PRO,睿蓝汽车/小型suv,4.39-6.19万,12036
304,宋MAX,比亚迪/紧凑型MPV,14.78-17.48万,11811
305,风光500,东风小康/紧凑型suv,6.18-8.58万,11734
306,smart精灵#1,smart/小型suv,17.90-27.90万,11392
307,拿铁DHT-PHEV,长城汽车/紧凑型suv,19.40-22.80万,11352
308,起亚K3,起亚/紧凑型车,8.99-12.09万,11696
309,征程,上汽通用五菱,6.98-9.08万,11053
310,岚图FREE,岚图汽车/中大型suv,31.36-41.99万,10858
311,名爵6,上汽集团/紧凑型车,9.38-12.98万,10810
312,欧诺S,长安轻型车/微型车,4.69-5.44万,10620
313,柯米克,上汽大众斯柯达/小型suv,10.99万,10584
314,奕跑,起亚/小型suv,6.68-7.97万,10570
315,捷豹XEL,奇瑞捷豹路虎/中型车,24.30-32.98万,10533
317,标致2008,东风标致/小型suv,9.97万,10350
319,奥迪Q5L Sportback,一汽-大众奥迪/中型suv,36.68-49.98万,10240
320,MG ONE,上汽集团/紧凑型suv,8.98-11.98万,10177
321,凯迪拉克CT4,上汽通用凯迪拉克/中型车,18.97-22.47万,10100
322,金杯大海狮,华晨鑫源/中型MPV,6.09-8.59万,10030
323,思皓X8,江汽集团/中型suv,8.88-17.28万,17135
325,SWM斯威X3,SWM斯威汽车/紧凑型suv,5.88万,9694
326,风神AX7,东风乘用车/紧凑型suv,10.69-11.39万,9690
327,捷豹XFL,奇瑞捷豹路虎/中大型车,31.30-43.50万,9689
328,欧萌达,奇瑞汽车/紧凑型suv,8.69-12.09万,9629
329,小鹏G9,小鹏汽车/中大型suv,30.99-46.99万,9582
330,富康ES600,神龙汽车/紧凑型车,15.38-16.38万,9581
331,哈弗酷狗,长城汽车/紧凑型suv,11.38-13.98万,9434
332,凯迪拉克CT6,上汽通用凯迪拉克/中大型车,29.97-38.97万,9433
333,五菱荣光V,上汽通用五菱/微型车,4.48-4.98万,9419
334,享域,东风本田/紧凑型车,8.98-14.99万,9402
335,东风本田M-NV,东风本田/小型suv,12.48-13.48万,9306
336,元宝,北京汽车制造厂/微型车,4.19-5.19万,9235
337,奥迪Q3 Sportback,一汽-大众奥迪/紧凑型suv,28.92-36.52万,9164
338,思皓A5,江汽集团/紧凑型车,7.88-14.58万,9138
339,荣威Ei5,上汽集团/紧凑型车,15.28-16.68万,9067
340,魔方,北京汽车/紧凑型suv,9.49-14.89万,9010
341,梦想家,岚图汽车,32.99-64.99万,8871
343,欧拉闪电猫,长城汽车/中型车,17.78-25.78万,8655
344,哈弗初恋,长城汽车/紧凑型suv,7.49-10.89万,8625
345,马自达CX-30,长安马自达/小型suv,11.99-18.99万,8791
346,劲客,东风日产/小型suv,10.38-12.18万,8401
347,胜达,北京现代/中型suv,16.58-23.58万,8383
348,明锐,上汽大众斯柯达/紧凑型车,8.49-13.89万,8114
349,东南DX8,东南汽车/中型suv,8.69-8.99万,8016
350,奔腾T77,一汽奔腾/紧凑型suv,10.58-14.18万,7959
351,SWM斯威G01,SWM斯威汽车/紧凑型suv,7.99-26.98万,7921
352,风光MINIEV,东风小康/微型车,3.26-5.56万,7773
354,领裕,江铃福特/中大型suv,16.43-21.01万,7504
355,畅巡,上汽通用雪佛兰/紧凑型车,15.49-16.99万,7428
356,飞行家,长安林肯/中大型suv,48.88-73.88万,7420
357,别克GL6,上汽通用别克/紧凑型MPV,9.88-11.88万,7379
358,红旗HS7,一汽红旗/中大型suv,27.58-45.98万,7360
359,荣威iMAX8,上汽集团,17.88-25.58万,8829
361,昂科拉GX,上汽通用别克/紧凑型suv,10.49-13.49万,7057
362,风光S560,东风小康/紧凑型suv,6.79-7.89万,7017
364,思皓X6,江汽集团/紧凑型suv,7.99-11.49万,6944
365,昕锐,上汽大众斯柯达/紧凑型车,7.69万,6871
366,北京X7,北京汽车/中型suv,9.49-13.99万,6809
367,长安CS85 COUPE,长安汽车/中型suv,11.49-15.99万,6799
368,电动屋-YOUNG光小新,电动屋/微型车,7.58-9.48万,6761
369,创酷,上汽通用雪佛兰/小型suv,10.49-12.39万,6729
370,本田e:NS1,东风本田/小型suv,14.50-18.80万,6712
371,探岳GTE插电混动,一汽-大众/中型suv,21.79-22.79万,6523
372,拿铁DHT,长城汽车/紧凑型suv,17.98-18.98万,6477
373,途达,郑州日产/中型suv,14.98-22.83万,6444
374,揽巡,一汽-大众/中大型suv,26.79-31.89万,6421
375,领克02,领克/紧凑型suv,13.48-16.08万,6318
376,格瑞维亚,一汽丰田,35.58-41.08万,6295
378,长安CS15,长安汽车/小型suv,5.99-7.49万,6180
379,领克01新能源,领克/紧凑型suv,18.98-21.78万,6138
380,思皓QX,江汽集团/紧凑型suv,10.19-19.28万,6116
381,起亚K5,起亚/中型车,14.18-18.58万,6106
382,摩卡,长城汽车/中型suv,25.50-27.50万,9263
383,福特电马,福特新能源/中型suv,20.99-32.99万,5994
384,EVOS,长安福特/中型suv,16.98-22.98万,5981
385,红旗E-HS9,一汽红旗/大型suv,50.98-77.98万,5823
386,楼兰,东风日产/中型suv,18.88-23.38万,5787
387,哪吒S,合众汽车/中大型车,20.28-34.18万,5770
388,博骏,野马汽车/小型suv,4.99-12.99万,5749
389,领克 05,领克/紧凑型suv,16.78-26.18万,5728
390,天逸 C5 AIRCROSS,东风雪铁龙/紧凑型suv,15.27-16.97万,5704
391,阿尔法S,北汽新能源/中大型车,22.38-42.99万,5685
392,大通G10,上汽大通,11.28-18.58万,5675
393,途观L 新能源,上汽大众/中型suv,22.61-23.70万,5468
394,奔腾T55,一汽奔腾/紧凑型suv,8.59-10.49万,5378
395,MG MULAN,上汽集团/紧凑型车,12.98-18.68万,5346
396,智己L7,智己汽车/中大型车,33.88-57.88万,5299
397,零跑C01,零跑汽车/中大型车,14.98-28.68万,5189
398,威马W6,威马汽车/中型suv,22.08-28.48万,5188
399,标致508,东风标致/中型车,14.77-21.27万,5163
400,思皓爱跑,江汽集团/紧凑型车,14.69-17.69万,5120
401,奥迪Q4 e-tron,一汽-大众奥迪/紧凑型suv,28.99-37.71万,5061
402,长安欧尚Z6 智电iDD,长安汽车/紧凑型suv,14.58-16.58万,4985
403,风光380,东风小康/微型车,5.38-6.08万,4966
404,柯珞克,上汽大众斯柯达/紧凑型suv,12.49-14.39万,4843
405,红旗HQ9,一汽红旗,35.88-53.88万,4813
406,红旗H7,一汽红旗/中大型车,25.28-28.88万,4766
407,世纪,上汽通用别克,52.98-68.98万,4748
408,嘉际,吉利汽车/紧凑型MPV,11.38-13.78万,5907
409,柯迪亚克,上汽大众斯柯达/中型suv,15.99-22.39万,4635
410,凌宝uni,吉麦新能源/微型车,2.98-4.18万,4493
411,ZR-V 致在,广汽本田/紧凑型suv,15.19-22.89万,4447
412,荣威RX3,上汽集团/小型suv,6.78-8.88万,4444
414,索纳塔,北京现代/中型车,14.98-19.38万,4431
415,风行游艇,东风风行/中型MPV,11.99-15.69万,4345
416,华晨新日i03,华晨新日/微型车,4.39-9.88万,4280
417,炫界Pro EV,凯翼汽车/紧凑型suv,15.66-17.66万,4267
418,昂扬,上汽通用别克/紧凑型suv,13.68-16.28万,4155
419,易至EV3,江铃集团新能源/微型车,7.98-8.48万,4147
421,百智大熊,领途汽车/微型车,3.88-5.88万,4112
422,海马7X,一汽海马/紧凑型MPV,12.58-16.38万,4088
423,奔驰EQB,北京奔驰/紧凑型suv,31.18-42.80万,4022
424,欧拉芭蕾猫,长城汽车/紧凑型车,19.30-22.30万,4006
425,标致5008,东风标致/中型suv,17.87-23.37万,3998
426,小虎FEV,宏瑞汽车/微型车,4.09-5.59万,3907
427,几何G6,几何汽车/紧凑型车,14.68-18.68万,3893
428,欧拉白猫,长城汽车/微型车,8.68-10.38万,3854
429,飞凡R7,飞凡汽车/中大型suv,27.99-38.99万,3853
430,启辰T60,东风日产启辰/小型suv,7.80-10.40万,4563
431,羿,雷诺 江铃集团/紧凑型车,13.98-19.98万,3826
432,辉昂,上汽大众/中大型车,29.50-40.10万,3820
433,风光330,东风小康/紧凑型MPV,4.19-6.88万,3820
434,奥迪A7L,上汽奥迪/中大型车,39.37-75.77万,3820
435,几何M6,几何汽车/紧凑型suv,14.68-18.68万,3815
436,五菱Air ev晴空,上汽通用五菱/微型车,6.78-8.28万,3793
437,宝骏510,上汽通用五菱/小型suv,5.38-8.08万,3756
438,e:NP1 极湃1,广汽本田/小型suv,14.50-18.80万,3754
439,宝骏RS-3,上汽通用五菱/小型suv,6.98-9.68万,3742
440,领界,江铃福特/紧凑型suv,7.58-13.08万,3691
441,AION LX,广汽埃安新能源/中型suv,28.66-46.96万,3651
442,比亚迪e3,比亚迪/紧凑型车,13.98万,3618
443,传祺GA6,广汽乘用车/中型车,10.28-16.28万,3604
444,极狐 阿尔法T,北汽新能源/中型suv,21.88-32.53万,3600
446,星途瑶光,星途/中型suv,15.28-20.28万,3540
447,朋克多多,御捷新能源/微型车,4.58-4.98万,3529
448,启辰星,东风日产启辰/紧凑型suv,11.66-14.56万,3471
449,阿维塔 11,阿维塔科技/中大型suv,31.99-60.00万,3442
450,传祺GS4 PLUS,广汽乘用车/紧凑型suv,12.18-14.78万,3407
451,沃尔沃XC60新能源,沃尔沃亚太/中型suv,42.59-50.59万,3328
453,威马EX5,威马汽车/紧凑型suv,17.58-19.98万,3219
454,天际ME5,天际汽车/紧凑型suv,13.88-16.99万,3202
455,悦纳,北京现代/小型车,6.28-8.68万,3177
456,奔驰EQA,北京奔驰/紧凑型suv,28.18-32.20万,3153
457,菱智M5 EV,东风风行/中型MPV,13.99-18.69万,3136
458,沃兰多,上汽通用雪佛兰/紧凑型车,10.69-12.99万,3112
459,LYRIQ锐歌,上汽通用凯迪拉克/中大型suv,43.97-47.97万,3111
460,星迈罗,上汽通用雪佛兰/紧凑型suv,11.49-13.99万,3067
461,长安CS95,长安汽车/中大型suv,16.79-19.19万,3044
462,长安欧尚科尚,长安汽车/中型MPV,16.88万,3030
463,潍柴汽车U70,中国重汽VGV/中型suv,7.79-11.89万,2920
464,广汽丰田bZ4X,广汽丰田/中型suv,19.97-28.77万,2891
465,奥迪A6L新能源,一汽-大众奥迪/中大型车,44.80万,2871
466,逸动DT,长安汽车/紧凑型车,5.79-7.39万,2847
467,沃尔沃S90新能源,沃尔沃亚太/中大型车,40.99-52.39万,2835
468,英菲尼迪QX50,东风英菲尼迪/中型suv,25.38-39.98万,2816
469,卡罗拉双擎E+,一汽丰田/紧凑型车,17.48-19.78万,2767
472,VGV U70Pro,中国重汽VGV/中型suv,7.78-11.58万,2668
473,北京X3,北京汽车/小型suv,5.79-8.59万,2666
474,欧尚A600,长安轻型车/紧凑型MPV,5.29万,4294
475,开拓者,上汽通用雪佛兰/中大型suv,17.99-27.99万,2626
476,博瑞,吉利汽车/中型车,12.53-13.88万,2618
477,奔驰EQC,北京奔驰/中型suv,43.19-51.19万,2607
478,一汽丰田bZ4X,一汽丰田/中型suv,15.98-24.48万,2502
479,威兰达新能源,广汽丰田/紧凑型suv,25.88-29.98万,2488
480,昂科拉,上汽通用别克/小型suv,8.19-11.19万,2459
481,朋克美美,御捷新能源/微型车,4.88万,2395
482,奔驰EQE,北京奔驰/中大型车,47.80-53.43万,2374
483,速派,上汽大众斯柯达/中型车,15.49-17.49万,2361
484,优优EV,开瑞汽车/微型车,13.08-13.88万,2390
485,思皓E50A,江汽集团/紧凑型车,15.29-18.98万,2325
486,撼路者,江铃福特/中型suv,27.48-37.38万,2323
487,远志M1,大运汽车/中型MPV,17.78-28.88万,2323
488,途安L,上汽大众/紧凑型MPV,13.98-18.28万,2260
489,上汽大通MAXUS G90,上汽大通,21.99-32.99万,2242
490,嘉华,起亚,28.89-33.99万,2236
491,YARiS L 致享,广汽丰田/小型车,8.08-8.68万,2207
492,无界Pro,奇瑞新能源/微型车,8.99-11.59万,2193
493,名爵ZS,上汽集团/小型suv,7.58-8.98万,2192
494,凯越,上汽通用别克/紧凑型车,5.45-7.05万,2077
496,星越S,吉利汽车/紧凑型suv,12.97-16.57万,2034
497,雪铁龙C6,东风雪铁龙/中型车,15.59-25.69万,2022
498,斯派卡,野马汽车/紧凑型MPV,4.99-7.99万,2016
499,上汽大通MAXUS 大家MIFA9,上汽大通,26.99-41.99万,2016
500,东南DX3,东南汽车/小型suv,6.96-12.99万,2005
502,奥迪Q5,上汽奥迪/中大型suv,31.85-44.15万,1905
504,英菲尼迪Q50L,东风英菲尼迪/中型车,20.98-34.48万,1817
505,奔腾T99,一汽奔腾/中大型suv,13.19-18.69万,1797
506,奔腾B70S,一汽奔腾/紧凑型suv,10.99-14.29万,1748
507,SWM斯威X7,SWM斯威汽车/中型suv,6.39-10.59万,1724
508,奥迪Q2L e-tron,一汽-大众奥迪/小型suv,18.32万,1677
511,菲斯塔,北京现代/紧凑型车,13.18-14.78万,1626
512,北京BJ60,北京越野/中大型suv,23.98-28.58万,1584
514,海马8S,海马汽车/紧凑型suv,7.99-13.69万,1500
515,狮铂拓界,起亚/紧凑型suv,14.98-20.78万,1448
516,智己LS7,智己汽车/中大型suv,30.98-45.98万,1427
517,广汽本田VE-1,广汽本田/小型suv,14.18-18.68万,1416
518,ARIYA 艾睿雅,东风日产/紧凑型suv,22.48-28.28万,1336
519,东南A5翼舞,东南汽车/紧凑型车,5.79-11.99万,1300
521,焕驰,起亚/小型车,6.39-6.79万,1240
522,华晨新日i03A,华晨新日/微型车,9.38-12.50万,1235
523,ZEEKR 009,极氪,49.90-58.80万,1232
525,冒险家PHEV,长安林肯/紧凑型suv,30.98-34.58万,1223
526,途睿欧,江铃福特/中型MPV,18.39-27.28万,1222
527,起亚KX5,起亚/紧凑型suv,14.10-17.00万,1222
528,劲炫ASX,广汽三菱/紧凑型suv,8.98-11.98万,1210
529,创维HT-i,创维汽车/中型suv,14.68-24.28万,1205
530,北京BJ80,北京越野/中大型suv,29.00-39.00万,1191
531,马自达CX-8,长安马自达/中大型suv,19.88-27.08万,1184
532,奥迪Q6,上汽奥迪/中大型suv,46.36-62.01万,1162
533,VGV U75PLUS,中国重汽VGV/中型suv,11.79-15.19万,1160
534,荣威RX8,上汽集团/中大型suv,16.88-22.88万,1149
535,绎乐,广汽本田/紧凑型车,14.48-16.68万,1142
536,海狮EV,华晨鑫源新能源/微型车,14.48-14.68万,1102
537,玛奇朵DHT,长城汽车/紧凑型suv,17.88-18.98万,1584
539,长安欧尚科赛Pro,长安汽车/中型suv,8.59-15.29万,1034
540,讴歌RDX,广汽讴歌/中型suv,32.80-46.00万,1018
541,雪铁龙C3-XR,东风雪铁龙/小型suv,8.58万,1016
542,iA5,广汽丰田/紧凑型车,15.98-19.28万,977
543,沃尔沃C40 RECHARGE,沃尔沃亚太/紧凑型suv,28.90-33.90万,975
544,沃尔沃S60新能源,沃尔沃亚太/中型车,34.99-41.19万,940
545,比亚迪D1,比亚迪/紧凑型MPV,13.78-16.78万,936
546,凯翼昆仑,凯翼汽车/中型suv,9.99-14.99万,915
547,睿蓝9,睿蓝汽车/中型suv,16.99-19.99万,893
548,领克05 PHEV,领克/紧凑型suv,22.57-22.78万,887
549,蓝鸟,东风日产/紧凑型车,12.59-13.39万,882
550,英菲尼迪QX60,东风英菲尼迪/中大型suv,37.98-58.98万,851
551,开瑞K60,开瑞汽车/紧凑型suv,5.99-6.69万,849
552,逸达,长安汽车/紧凑型车,8.79-10.79万,845
553,大通D90,上汽大通/中大型suv,17.98-30.98万,839
554,奕歌,广汽三菱/紧凑型suv,11.48-17.08万,814
555,爱驰U5,爱驰汽车/中型suv,17.99-19.99万,741
557,星途追风,星途/紧凑型suv,9.79-13.79万,705
558,远景X3,吉利汽车/小型suv,4.69-6.59万,700
559,合创A06,合创汽车/中型车,17.98-26.98万,689
560,奥迪e-tron,一汽-大众奥迪/中大型suv,44.68-52.37万,685
561,创界,上汽通用雪佛兰/紧凑型suv,11.99-15.99万,673
562,哈弗F7,长城汽车/紧凑型suv,9.68-13.68万,668
563,讴歌CDX,广汽讴歌/紧凑型suv,22.98-34.98万,644
564,昌河北斗星,北汽昌河/微型车,4.70万,634
565,奕泽E进擎,一汽丰田/小型suv,19.58-22.38万,630
566,大通D60,上汽大通/中型suv,11.08-15.48万,609
567,瑞虎3,奇瑞汽车/小型suv,5.69-7.79万,600
570,名爵HS,上汽集团/紧凑型suv,9.78-16.08万,565
571,名图,北京现代/中型车,12.98-16.48万,748
572,阿图柯AIRTREK,广汽三菱/紧凑型suv,19.98-22.98万,559
574,微蓝7,上汽通用别克/小型suv,16.78-18.78万,524
575,东南DX5,东南汽车/小型suv,6.99-9.99万,518
577,名爵6新能源,上汽集团/紧凑型车,13.28-19.98万,477
578,五菱荣光EV,上汽通用五菱/微型车,13.58-13.91万,472
579,东南DX7,东南汽车/紧凑型suv,9.99-13.99万,429
580,鲸,上汽集团/紧凑型suv,暂无报价,408
581,瑞风E3,江汽集团/紧凑型MPV,18.98-20.88万,406
582,观致7,观致汽车/紧凑型suv,10.98-15.98万,372
583,斯派卡EV,野马汽车/紧凑型MPV,14.99-16.99万,371
584,阿特兹,长安马自达/中型车,15.58-21.98万,370
585,全界Q1,云雀汽车/小型车,6.98-7.58万,342
586,长安之星9 EV,长安轻型车/微型车,13.28-13.68万,340
588,DS 9,DS汽车/中型车,25.49-34.99万,336
589,传祺GA8,广汽乘用车/中大型车,15.18-22.18万,313
590,小麒麟,雷诺 江铃集团/微型车,5.59-5.89万,279
591,北京BJ30,北京越野/紧凑型suv,9.58-11.58万,273
592,北京BJ90,北京越野/大型suv,47.80-98.80万,272
593,马自达CX-4,长安马自达/紧凑型suv,13.08-20.08万,266
594,北京现代ix25,北京现代/小型suv,9.58-12.68万,224
597,星途揽月,星途/中大型suv,16.79-21.59万,211
598,风光ix5,东风小康/中型suv,9.98-16.59万,206
599,家宝,北京汽车制造厂/微型车,4.69-5.69万,190
603,MG领航新能源,上汽集团/紧凑型suv,14.58-16.58万,120
604,红旗LS7,一汽红旗/大型suv,136.58-146.58万,117
605,风光ix7,东风小康/中型suv,12.59-21.59万,110
606,海马7X-E,一汽海马/紧凑型MPV,21.98-25.98万,106
607,合创007,合创汽车/中型suv,29.98万,95
608,DS 7,DS汽车/紧凑型suv,20.99-32.99万,83
609,DS 9 PHEV,DS汽车/中型车,33.49-40.49万,76
610,岚图追光,岚图汽车/中大型车,暂无报价,62
611,启辰T90,东风日产启辰/中型suv,11.28-14.88万,61
612,凯翼X3,凯翼汽车/小型suv,6.39-7.59万,60
613,赛力斯SF5,赛力斯汽车/中型suv,23.68-26.68万,49
614,MG领航,上汽集团/紧凑型suv,9.98-15.98万,49
615,云度π1,云度新能源/小型suv,7.98万,48
617,国机智骏GC1,国机智骏/微型车,7.38-8.38万,31
618,景逸S50,东风风行/紧凑型车,6.99-7.99万,30
620,天逸 C5 AIRCROSS新能源,东风雪铁龙/紧凑型suv,23.17万,30
621,新龙马汽车启腾EX80,新龙马汽车/微型车,5.88-6.18万,29
622,国机智骏GX5,国机智骏/小型suv,11.58-13.98万,28
624,爱驰U6,爱驰汽车/中型suv,21.99-23.79万,21
625,星越,吉利汽车/紧凑型suv,15.58-19.68万,17
626,传祺GA4,广汽乘用车/紧凑型车,7.58-14.08万,16
627,思皓E40X,江汽集团/小型suv,14.95-15.95万,14
628,富康ES500,神龙汽车/紧凑型车,14.18万,10
629,北京X5,北京汽车/紧凑型suv,7.19-10.19万,8
630,奔腾E01,一汽奔腾/中型suv,19.68-22.88万,6
631,DS 3 EV,DS(进口)/小型suv,17.88-18.88万,4
632,菲斯塔纯电动,北京现代/紧凑型车,17.38-19.88万,4
633,星途追风ET-i,星途/紧凑型suv,14.98-15.98万,4
634,启腾M70EV,新龙马汽车/微型车,4.68-6.05万,3
635,北京U7,北京汽车/中型车,8.11-11.61万,2
